mean	std
0.04170002046653709	0.2584294372884898
