mean	std
-0.42530000000000134	0.2745660704815126
