mean	std
0.4252999999999987	0.27456607048151194
