best_profit	one_std_profit
101434.7965724998	41569.5637422069
