best_profit	one_std_profit
93236.43756612492	37212.63110293381
