best_profit	one_std_profit
83566.41026175888	17974.92579949817
